{
  "nodes_rel": {
    "3": [
      0.0772005772005772,
      0.23581336696090793
    ],
    "4": [
      0.15945165945165946,
      0.16519546027742749
    ],
    "5": [
      0.12265512265512266,
      0.05170239596469105
    ],
    "6": [
      0.07647907647907648,
      0.0012610340479192938
    ],
    "7": [
      0.21428571428571427,
      0.0037831021437578815
    ],
    "8": [
      0.25757575757575757,
      0.0025220680958385876
    ],
    "9": [
      0.32395382395382394,
      0.09583858764186633
    ],
    "10": [
      0.2748917748917749,
      0.19041614123581338
    ],
    "11": [
      0.2352092352092352,
      0.20933165195460277
    ],
    "12": [
      0.240981240981241,
      0.10718789407313997
    ],
    "13": [
      0.22510822510822512,
      0.31904161412358134
    ],
    "14": [
      0.22655122655122656,
      0.27742749054224464
    ],
    "15": [
      0.2821067821067821,
      0.34300126103404793
    ],
    "16": [
      0.2597402597402597,
      0.39344262295081966
    ],
    "17": [
      0.17676767676767677,
      0.3228247162673392
    ],
    "18": [
      0.18542568542568544,
      0.23707440100882723
    ],
    "19": [
      0.06637806637806638,
      0.4085750315258512
    ],
    "20": [
      0.023088023088023088,
      0.3354350567465322
    ],
    "21": [
      0.113997113997114,
      0.27112232030264816
    ],
    "22": [
      0.007215007215007215,
      0.31273644388398486
    ],
    "23": [
      0.01875901875901876,
      0.510718789407314
    ],
    "24": [
      0.10101010101010101,
      0.5460277427490542
    ],
    "25": [
      0.09595959595959595,
      0.5838587641866331
    ],
    "26": [
      0.04329004329004329,
      0.6443883984867591
    ],
    "27": [
      0.007936507936507936,
      0.6103404791929382
    ],
    "28": [
      0.10028860028860029,
      0.6960907944514502
    ],
    "29": [
      0.12987012987012986,
      0.6733921815889029
    ],
    "30": [
      0.12337662337662338,
      0.5435056746532156
    ],
    "31": [
      0.1406926406926407,
      0.46153846153846156
    ],
    "32": [
      0.2085137085137085,
      0.5762925598991173
    ],
    "33": [
      0.2012987012987013,
      0.7364438839848676
    ],
    "34": [
      0.12193362193362194,
      0.7679697351828499
    ],
    "35": [
      0.044733044733044736,
      0.7994955863808323
    ],
    "36": [
      0.09379509379509379,
      0.9129886506935687
    ],
    "37": [
      0.13564213564213565,
      0.8335435056746532
    ],
    "38": [
      0.2597402597402597,
      0.7818411097099621
    ],
    "39": [
      0.24963924963924963,
      0.9066834804539723
    ],
    "40": [
      0.17893217893217894,
      0.9899117276166457
    ],
    "41": [
      0.3253968253968254,
      0.9747793190416141
    ],
    "42": [
      0.3427128427128427,
      0.9243379571248423
    ],
    "43": [
      0.3203463203463203,
      0.905422446406053
    ],
    "44": [
      0.4062049062049062,
      0.8688524590163934
    ],
    "45": [
      0.4329004329004329,
      0.8411097099621689
    ],
    "46": [
      0.3903318903318903,
      0.7036569987389659
    ],
    "47": [
      0.36796536796536794,
      0.6973518284993695
    ],
    "48": [
      0.32106782106782106,
      0.6191677175283733
    ],
    "49": [
      0.354978354978355,
      0.519546027742749
    ],
    "50": [
      0.3088023088023088,
      0.4880201765447667
    ],
    "51": [
      0.37518037518037517,
      0.4817150063051702
    ],
    "52": [
      0.3513708513708514,
      0.4136191677175284
    ],
    "53": [
      0.4458874458874459,
      0.31651954602774274
    ],
    "54": [
      0.41053391053391053,
      0.266078184110971
    ],
    "55": [
      0.37157287157287155,
      0.29255989911727615
    ],
    "56": [
      0.3795093795093795,
      0.35813366960907944
    ],
    "57": [
      0.30952380952380953,
      0.733921815889029
    ],
    "58": [
      0.2922077922077922,
      0.6960907944514502
    ],
    "59": [
      0.4733044733044733,
      0.8108448928121059
    ],
    "60": [
      0.4675324675324675,
      0.7654476670870114
    ],
    "61": [
      0.5216450216450217,
      0.7692307692307693
    ],
    "62": [
      0.43073593073593075,
      0.694829760403531
    ],
    "63": [
      0.48484848484848486,
      0.5573770491803278
    ],
    "64": [
      0.5043290043290043,
      0.4766708701134931
    ],
    "65": [
      0.5404040404040404,
      0.587641866330391
    ],
    "66": [
      0.5822510822510822,
      0.5485498108448928
    ],
    "67": [
      0.5966810966810967,
      0.6469104665825978
    ],
    "68": [
      0.6233766233766234,
      0.617906683480454
    ],
    "69": [
      0.6320346320346321,
      0.5208070617906684
    ],
    "70": [
      0.6767676767676768,
      0.5788146279949559
    ],
    "71": [
      0.6904761904761905,
      0.6002522068095839
    ],
    "72": [
      0.5064935064935064,
      0.403530895334174
    ],
    "73": [
      0.5404040404040404,
      0.3871374527112232
    ],
    "74": [
      0.5396825396825397,
      0.28247162673392184
    ],
    "75": [
      0.5577200577200577,
      0.4842370744010088
    ],
    "76": [
      0.5858585858585859,
      0.45901639344262296
    ],
    "77": [
      0.5974025974025974,
      0.35435056746532156
    ],
    "78": [
      0.6522366522366523,
      0.31399747793190413
    ],
    "79": [
      0.5735930735930735,
      0.23455233291298866
    ],
    "80": [
      0.5995670995670995,
      0.17023959646910466
    ],
    "81": [
      0.5461760461760462,
      0.09457755359394704
    ],
    "82": [
      0.5606060606060606,
      0.07440100882723834
    ],
    "83": [
      0.4595959595959596,
      0.21059268600252207
    ],
    "84": [
      0.51010101010101,
      0.20933165195460277
    ],
    "85": [
      0.4365079365079365,
      0.25220680958385877
    ],
    "86": [
      0.3997113997113997,
      0.1841109709962169
    ],
    "87": [
      0.4264069264069264,
      0.15889029003783103
    ],
    "88": [
      0.4588744588744589,
      0.16393442622950818
    ],
    "89": [
      0.5223665223665224,
      0.08827238335435057
    ],
    "90": [
      0.5064935064935064,
      0.06431273644388398
    ],
    "91": [
      0.443001443001443,
      0.04287515762925599
    ],
    "92": [
      0.5028860028860029,
      0.0025220680958385876
    ],
    "93": [
      0.4069264069264069,
      0.006305170239596469
    ],
    "94": [
      0.3643578643578644,
      0.04287515762925599
    ],
    "95": [
      0.6334776334776335,
      0.08827238335435057
    ],
    "96": [
      0.6038961038961039,
      0.007566204287515763
    ],
    "97": [
      0.6940836940836941,
      0.09205548549810845
    ],
    "98": [
      0.7085137085137085,
      0.015132408575031526
    ],
    "99": [
      0.7395382395382395,
      0.11601513240857503
    ],
    "100": [
      0.7525252525252525,
      0.09583858764186633
    ],
    "101": [
      0.803030303030303,
      0.15889029003783103
    ],
    "102": [
      0.810966810966811,
      0.1008827238335435
    ],
    "103": [
      0.8744588744588745,
      0.19798234552332913
    ],
    "104": [
      0.9134199134199135,
      0.12862547288776796
    ],
    "105": [
      0.8326118326118326,
      0.17780580075662042
    ],
    "106": [
      0.79004329004329,
      0.3051702395964691
    ],
    "107": [
      0.9199134199134199,
      0.3505674653215637
    ],
    "108": [
      0.9329004329004329,
      0.23455233291298866
    ],
    "109": [
      0.9235209235209235,
      0.41866330390920553
    ],
    "110": [
      0.862914862914863,
      0.4489281210592686
    ],
    "111": [
      0.834054834054834,
      0.4136191677175284
    ],
    "112": [
      0.7987012987012987,
      0.5044136191677175
    ],
    "113": [
      0.7200577200577201,
      0.416141235813367
    ],
    "114": [
      0.6818181818181818,
      0.45397225725094575
    ],