{
  "nodes_rel": {
    "2": [
      0.06493506493506493,
      0.4073139974779319
    ],
    "3": [
      0.1782106782106782,
      0.32156368221941994
    ],
    "4": [
      0.18542568542568544,
      0.23329129886506936
    ],
    "5": [
      0.26046176046176045,
      0.39344262295081966
    ],
    "6": [
      0.20923520923520925,
      0.5699873896595208
    ],
    "7": [
      0.20202020202020202,
      0.7326607818411097
    ],
    "8": [
      0.12193362193362194,
      0.7717528373266078
    ],
    "9": [
      0.13564213564213565,
      0.832282471626734
    ],
    "10": [
      0.09884559884559885,
      0.6960907944514502
    ],
    "11": [
      0.12914862914862915,
      0.6658259773013872
    ],
    "12": [
      0.04256854256854257,
      0.6406052963430012
    ],
    "13": [
      0.002886002886002886,
      0.6796973518284993
    ],
    "14": [
      0.0021645021645021645,
      0.6040353089533418
    ],
    "15": [
      0.04256854256854257,
      0.7969735182849937
    ],
    "16": [
      0.09307359307359307,
      0.9117276166456494
    ],
    "17": [
      0.06565656565656566,
      0.9634300126103404
    ],
    "18": [
      0.048340548340548344,
      0.9962168978562421
    ],
    "19": [
      0.001443001443001443,
      0.9243379571248423
    ],
    "20": [
      0.1782106782106782,
      0.9836065573770492
    ],
    "21": [
      0.25252525252525254,
      0.9066834804539723
    ],
    "22": [
      0.2546897546897547,
      0.776796973518285
    ],
    "23": [
      0.3088023088023088,
      0.7276166456494325
    ],
    "24": [
      0.2922077922077922,
      0.691046658259773
    ],
    "25": [
      0.1414141414141414,
      0.45901639344262296
    ],
    "28": [
      0.31962481962481964,
      0.6191677175283733
    ],
    "29": [
      0.38311688311688313,
      0.7011349306431274
    ],
    "30": [
      0.43073593073593075,
      0.8385876418663304
    ],
    "31": [
      0.4725829725829726,
      0.8095838587641866
    ],
    "32": [
      0.4668109668109668,
      0.7616645649432535
    ],
    "33": [
      0.5209235209235209,
      0.7641866330390921
    ],
    "34": [
      0.43073593073593075,
      0.6872635561160151
    ],
    "35": [
      0.487012987012987,
      0.5498108448928121
    ],
    "36": [
      0.5043290043290043,
      0.4728877679697352
    ],
    "37": [
      0.5411255411255411,
      0.5825977301387137
    ],
    "38": [
      0.5836940836940837,
      0.5422446406052963
    ],
    "39": [
      0.613997113997114,
      0.6355611601513241
    ],
    "40": [
      0.5901875901875901,
      0.6582597730138714
    ],
    "41": [
      0.6334776334776335,
      0.519546027742749
    ],
    "42": [
      0.6911976911976911,
      0.587641866330391
    ],
    "43": [
      0.7215007215007215,
      0.6469104665825978
    ],
    "44": [
      0.7878787878787878,
      0.669609079445145
    ],
    "45": [
      0.7943722943722944,
      0.6242118537200504
    ],
    "46": [
      0.8268398268398268,
      0.6128625472887768
    ],
    "47": [
      0.836940836940837,
      0.691046658259773
    ],
    "48": [
      0.8621933621933622,
      0.5851197982345523
    ],
    "49": [
      0.797979797979798,
      0.5031525851197982
    ],
    "50": [
      0.7193362193362194,
      0.4110970996216898
    ],
    "51": [
      0.7532467532467533,
      0.4527112232030265
    ],
    "52": [
      0.733044733044733,
      0.4703656998738966
    ],
    "53": [
      0.6868686868686869,
      0.44388398486759145
    ],
    "54": [
      0.5981240981240982,
      0.35182849936948296
    ],
    "55": [
      0.6536796536796536,
      0.3114754098360656
    ],
    "56": [
      0.5743145743145743,
      0.23203026481715006
    ],
    "57": [
      0.51010101010101,
      0.2068095838587642
    ],
    "58": [
      0.43506493506493504,
      0.2509457755359395
    ],
    "59": [
      0.40115440115440115,
      0.18158890290037832
    ],
    "60": [
      0.42712842712842713,
      0.15636822194199243
    ],
    "61": [
      0.32395382395382394,
      0.09583858764186633
    ],
    "62": [
      0.2756132756132756,
      0.18915510718789408
    ],
    "63": [
      0.37012987012987014,
      0.287515762925599
    ],
    "64": [
      0.3787878787878788,
      0.35813366960907944
    ],
    "65": [
      0.2828282828282828,
      0.33921815889029006
    ],
    "67": [
      0.3448773448773449,
      0.4085750315258512
    ],
    "68": [
      0.37806637806637805,
      0.4766708701134931
    ],
    "69": [
      0.3564213564213564,
      0.5170239596469105
    ],
    "70": [
      0.30952380952380953,
      0.4842370744010088
    ],
    "73": [
      0.11255411255411256,
      0.2686002522068096
    ],
    "74": [
      0.020202020202020204,
      0.3329129886506936
    ],
    "75": [
      0.0021645021645021645,
      0.3051702395964691
    ],
    "76": [
      0.015873015873015872,
      0.5069356872635561
    ],
    "77": [
      0.032467532467532464,
      0.47162673392181587
    ],
    "78": [
      0.010101010101010102,
      0.45901639344262296
    ],
    "79": [
      0.11183261183261184,
      0.5460277427490542
    ],
    "80": [
      0.22438672438672438,
      0.3228247162673392
    ],
    "81": [
      0.22582972582972582,
      0.27742749054224464
    ],
    "82": [
      0.23593073593073594,
      0.21059268600252207
    ],
    "83": [
      0.23953823953823955,
      0.10718789407313997
    ],
    "84": [
      0.16017316017316016,
      0.1601513240857503
    ],
    "85": [
      0.07287157287157287,
      0.23329129886506936
    ],
    "87": [
      0.12337662337662338,
      0.05170239596469105
    ],
    "88": [
      0.0772005772005772,
      0.0012610340479192938
    ],
    "89": [
      0.2215007215007215,
      0.0
    ],
    "90": [
      0.2546897546897547,
      0.0037831021437578815
    ],
    "92": [
      0.4062049062049062,
      0.0012610340479192938
    ],
    "93": [
      0.5,
      0.0025220680958385876
    ],
    "94": [
      0.44372294372294374,
      0.0416141235813367
    ],
    "95": [
      0.4603174603174603,
      0.2080706179066835
    ],
    "96": [
      0.4574314574314574,
      0.16519546027742749
    ],
    "97": [
      0.5245310245310245,
      0.08701134930643127
    ],
    "98": [
      0.5072150072150072,
      0.06431273644388398
    ],
    "99": [
      0.5606060606060606,
      0.07440100882723834
    ],
    "100": [
      0.5447330447330447,
      0.09079445145018916
    ],
    "101": [
      0.5974025974025974,
      0.17654476670870115
    ],
    "102": [
      0.6327561327561327,
      0.08196721311475409
    ],
    "103": [
      0.6060606060606061,
      0.0037831021437578815
    ],
    "104": [
      0.6948051948051948,
      0.09079445145018916
    ],
    "105": [
      0.7077922077922078,
      0.011349306431273645
    ],
    "106": [
      0.7359307359307359,
      0.0012610340479192938
    ],
    "107": [
      0.7388167388167388,
      0.11853720050441362
    ],
    "108": [
      0.753968253968254,
      0.09331651954602774
    ],
    "109": [
      0.8015873015873016,
      0.15889029003783103
    ],
    "110": [
      0.8145743145743146,
      0.12484237074401008
    ],
    "111": [
      0.8102453102453102,
      0.09836065573770492
    ],
    "112": [
      0.8571428571428571,
      0.08196721311475409
    ],
    "113": [
      0.7756132756132756,
      0.0025220680958385876
    ],
    "114": [
      0.8744588744588745,
      0.19546027742749053
    ],
    "115": [
      0.9141414141414141,
      0.1273644388398487
    ],
    "116": [
      0.9336219336219336,
      0.23455233291298866
    ],
    "117": [
      0.9170274170274171,
      0.3480453972257251
    ],
    "118": [
      0.9242424242424242,
      0.41740226986128626
    ],
    "119": [
      0.9985569985569985,
      0.5182849936948297
    ],
    "120": [
      0.8593073593073594,
      0.44766708701134933
    ],