{
  "nodes_rel": {
    "0": [
      0.1,
      0.6
    ],
    "2": [
      0.13852813852813853,
      0.21689785624211855
    ],
    "3": [
      0.18037518037518038,
      0.18158890290037832
    ],
    "4": [
      0.27200577200577203,
      0.2698612862547289
    ],
    "5": [
      0.3477633477633478,
      0.3883984867591425
    ],
    "6": [
      0.2748917748917749,
      0.4640605296343001
    ],
    "7": [
      0.18831168831168832,
      0.5611601513240857
    ],
    "8": [
      0.1277056277056277,
      0.6368221941992434
    ],
    "9": [
      0.08946608946608947,
      0.6645649432534678
    ],
    "10": [
      0.2085137085137085,
      0.7389659520807061
    ],
    "11": [
      0.1645021645021645,
      0.7843631778058008
    ],
    "13": [
      0.35353535353535354,
      0.7351828499369483
    ],
    "14": [
      0.2813852813852814,
      0.6633039092055486
    ],
    "15": [
      0.26695526695526695,
      0.6494325346784363
    ],
    "16": [
      0.4538239538239538,
      0.8373266078184111
    ],
    "17": [
      0.4033189033189033,
      0.8663303909205549
    ],
    "18": [
      0.4725829725829726,
      0.957124842370744
    ],
    "19": [
      0.5440115440115441,
      0.8839848675914249
    ],
    "20": [
      0.5108225108225108,
      0.8045397225725095
    ],
    "21": [
      0.2611832611832612,
      0.8020176544766708
    ],
    "22": [
      0.2619047619047619,
      0.8915510718789408
    ],
    "23": [
      0.33405483405483405,
      0.849936948297604
    ],
    "24": [
      0.31313131313131315,
      0.8095838587641866
    ],
    "25": [
      0.18181818181818182,
      0.9974779319041615
    ],
    "26": [
      0.42712842712842713,
      0.9987389659520807
    ],
    "27": [
      0.37518037518037517,
      0.9457755359394704
    ],
    "28": [
      0.5064935064935064,
      0.9924337957124842
    ],
    "29": [
      0.6125541125541125,
      0.9331651954602774
    ],
    "30": [
      0.5844155844155844,
      0.9962168978562421
    ],
    "31": [
      0.6984126984126984,
      0.9974779319041615
    ],
    "33": [
      0.5815295815295816,
      0.7629255989911727
    ],
    "34": [
      0.6255411255411255,
      0.6368221941992434
    ],
    "35": [
      0.665945165945166,
      0.5636822194199244
    ],
    "36": [
      0.49134199134199136,
      0.5598991172761665
    ],
    "37": [
      0.47474747474747475,
      0.5132408575031526
    ],
    "38": [
      0.4163059163059163,
      0.5145018915510718
    ],
    "39": [
      0.3961038961038961,
      0.5674653215636822
    ],
    "40": [
      0.4184704184704185,
      0.605296343001261
    ],
    "41": [
      0.4466089466089466,
      0.6166456494325346
    ],
    "42": [
      0.36002886002886003,
      0.5435056746532156
    ],
    "43": [
      0.3008658008658009,
      0.24337957124842372
    ],
    "44": [
      0.5007215007215007,
      0.308953341740227
    ],
    "45": [
      0.5288600288600288,
      0.3467843631778058
    ],
    "46": [
      0.5808080808080808,
      0.34047919293820933
    ],
    "47": [
      0.601010101010101,
      0.2900378310214376
    ],
    "48": [
      0.5678210678210678,
      0.23203026481715006
    ],
    "49": [
      0.5526695526695526,
      0.23455233291298866
    ],
    "50": [
      0.5541125541125541,
      0.007566204287515763
    ],
    "51": [
      0.5678210678210678,
      0.1437578814627995
    ],
    "52": [
      0.5685425685425686,
      0.011349306431273645
    ],
    "53": [
      0.6313131313131313,
      0.09457755359394704
    ],
    "54": [
      0.6681096681096681,
      0.1008827238335435
    ],
    "55": [
      0.6926406926406926,
      0.044136191677175286
    ],
    "56": [
      0.6457431457431457,
      0.007566204287515763
    ],
    "57": [
      0.7207792207792207,
      0.007566204287515763
    ],
    "58": [
      0.7352092352092352,
      0.1677175283732661
    ],
    "59": [
      0.6522366522366523,
      0.244640605296343
    ],
    "60": [
      0.5685425685425686,
      0.18032786885245902
    ],
    "61": [
      0.7662337662337663,
      0.19167717528373265
    ],
    "62": [
      0.7193362193362194,
      0.2938209331651955
    ],
    "63": [
      0.8816738816738817,
      0.09836065573770492
    ],
    "64": [
      0.9884559884559885,
      0.007566204287515763
    ],
    "65": [
      0.8261183261183261,
      0.007566204287515763
    ],
    "66": [
      0.9992784992784993,
      0.21311475409836064
    ],
    "67": [
      0.898989898989899,
      0.31273644388398486
    ],
    "68": [
      0.836940836940837,
      0.37578814627994955
    ],
    "69": [
      0.9567099567099567,
      0.4943253467843632
    ],
    "70": [
      0.9985569985569985,
      0.5296343001261034
    ],
    "71": [
      0.8326118326118326,
      0.5762925598991173
    ],
    "72": [
      0.8773448773448773,
      0.5460277427490542
    ],
    "73": [
      0.9545454545454546,
      0.617906683480454
    ],
    "74": [
      0.9401154401154401,
      0.682219419924338
    ],
    "75": [
      0.9978354978354979,
      0.6809583858764187
    ],
    "76": [
      0.9978354978354979,
      0.8373266078184111
    ],
    "77": [
      0.8578643578643579,
      0.6897856242118537
    ],
    "78": [
      0.7907647907647908,
      0.7906683480453972
    ],
    "79": [
      0.7222222222222222,
      0.691046658259773
    ],
    "80": [
      0.7698412698412699,
      0.5662042875157629
    ],
    "82": [
      0.8015873015873016,
      0.47793190416141235
    ],
    "83": [
      0.7056277056277056,
      0.39596469104665827
    ],
    "84": [
      0.7236652236652237,
      0.34300126103404793
    ],
    "85": [
      0.6103896103896104,
      0.4085750315258512
    ],
    "86": [
      0.6681096681096681,
      0.8221941992433796
    ],
    "87": [
      0.002886002886002886,
      0.7704918032786885
    ],
    "88": [
      0.0036075036075036075,
      0.6254728877679697
    ],
    "89": [
      0.027417027417027416,
      0.5170239596469105
    ],
    "90": [
      0.001443001443001443,
      0.5535939470365699
    ],
    "91": [
      0.08080808080808081,
      0.39848675914249687
    ],
    "92": [
      0.001443001443001443,
      0.31651954602774274
    ],
    "93": [
      0.10966810966810966,
      0.3114754098360656
    ],
    "94": [
      0.19985569985569984,
      0.39596469104665827
    ],
    "95": [
      0.2907647907647908,
      0.30012610340479196
    ],
    "96": [
      0.0021645021645021645,
      0.10718789407313997
    ],
    "97": [
      0.2662337662337662,
      0.07440100882723834
    ],
    "98": [
      0.18542568542568544,
      0.005044136191677175
    ],
    "99": [
      0.33261183261183264,
      0.0025220680958385876
    ],
    "100": [
      0.3124098124098124,
      0.0201765447667087
    ],
    "101": [
      0.37734487734487737,
      0.07818411097099622
    ],
    "102": [
      0.3282828282828283,
      0.1273644388398487
    ],
    "103": [
      0.3939393939393939,
      0.19041614123581338
    ],
    "104": [
      0.4834054834054834,
      0.09331651954602774
    ],
    "105": [
      0.49206349206349204,
      0.27112232030264816
    ],
    "106": [
      0.5324675324675324,
      0.23076923076923078
    ],
    "107": [
      0.5324675324675324,
      0.007566204287515763
    ],
    "108": [
      0.8376623376623377,
      0.05548549810844893
    ],
    "109": [
      0.7344877344877345,
      0.4337957124842371
    ],
    "111": [
      0.9227994227994228,
      0.7692307692307693
    ],
    "112": [
      0.9184704184704184,
      0.957124842370744
    ],
    "113": [
      0.9942279942279942,
      0.9230769230769231
    ],
    "114": [
      0.9668109668109668,
      0.9949558638083228
    ],
    "115": [
      0.8751803751803752,
      0.9974779319041615
    ],
    "116": [
      0.7467532467532467,
      0.8411097099621689
    ],
    "117": [
      0.6796536796536796,
      0.7969735182849937
    ],